"split","sample_id","state","county","centroid","correlation","days_between","path"
"test","NA5120_E1808N0501__m_3008722_nw_16_060_20220130","Florida","Escambia","POINT (-87.325232 30.725377)","0.8805589290119172","1","data/test/NA5120_E1808N0501__m_3008722_nw_16_060_20220130.npz"
"test","NA5120_E1848N0489__m_2908506_sw_16_060_20191118","Florida","Gulf","POINT (-85.339757 29.923025)","0.8738926082662425","0","data/test/NA5120_E1848N0489__m_2908506_sw_16_060_20191118.npz"
"test","NA5120_E1906N0454__m_2708203_se_17_060_20191111","Florida","Pinellas","POINT (-82.671247 27.891576)","0.9083662489597358","1","data/test/NA5120_E1906N0454__m_2708203_se_17_060_20191111.npz"
"test","NA5120_E1906N0477__m_2808205_nw_17_060_20191120","Florida","Citrus","POINT (-82.484909 28.931635)","0.8945009721146285","0","data/test/NA5120_E1906N0477__m_2808205_nw_17_060_20191120.npz"
"test","NA5120_E1906N0477__m_2808205_nw_17_060_20211130","Florida","Citrus","POINT (-82.484909 28.931635)","0.870539352722304","1","data/test/NA5120_E1906N0477__m_2808205_nw_17_060_20211130.npz"
"test","NA5120_E1909N0465__m_2808245_ne_17_060_20211130","Florida","Pasco","POINT (-82.432911 28.363767)","0.8757762923657405","1","data/test/NA5120_E1909N0465__m_2808245_ne_17_060_20211130.npz"
"test","NA5120_E1909N0476__m_2808214_nw_17_060_20191120","Florida","Citrus","POINT (-82.342228 28.860879)","0.907965231153959","0","data/test/NA5120_E1909N0476__m_2808214_nw_17_060_20191120.npz"
"test","NA5120_E1910N0447__m_2708228_se_17_060_20211130","Florida","Manatee","POINT (-82.528282 27.541477)","0.9318425416163442","1","data/test/NA5120_E1910N0447__m_2708228_se_17_060_20211130.npz"
"test","NA5120_E1911N0459__m_2808261_ne_17_060_20191120","Florida","Hillsborough","POINT (-82.381984 28.075574)","0.9013307182481792","0","data/test/NA5120_E1911N0459__m_2808261_ne_17_060_20191120.npz"
"test","NA5120_E1912N0462__m_2808254_ne_17_060_20211130","Florida","Pasco","POINT (-82.307588 28.202626)","0.8932549199430198","1","data/test/NA5120_E1912N0462__m_2808254_ne_17_060_20211130.npz"
"test","NA5120_E1914N0452__m_2708222_ne_17_060_20191129","Florida","Hillsborough","POINT (-82.289676 27.73364)","0.9363059685888204","-1","data/test/NA5120_E1914N0452__m_2708222_ne_17_060_20191129.npz"
"test","NA5120_E1920N0478__m_2808110_ne_17_060_20191130","Florida","Lake","POINT (-81.772384 28.855258)","0.8659137185069373","0","data/test/NA5120_E1920N0478__m_2808110_ne_17_060_20191130.npz"
"test","NA5120_E1921N0503__m_2908104_ne_17_060_20211129","Florida","St. Johns","POINT (-81.501367 29.973219)","0.8747207349714375","0","data/test/NA5120_E1921N0503__m_2908104_ne_17_060_20211129.npz"
"test","NA5120_E1930N0430__m_2608127_ne_17_060_20211223","Florida","Lee","POINT (-81.680678 26.601192)","0.914908609610076","-1","data/test/NA5120_E1930N0430__m_2608127_ne_17_060_20211223.npz"
"test","NA5120_E1933N0424__m_2608144_sw_17_060_20211223","Florida","Collier","POINT (-81.583334 26.303922)","0.8995233047547624","-1","data/test/NA5120_E1933N0424__m_2608144_sw_17_060_20211223.npz"
"test","NA5120_E1933N0485__m_2908164_se_17_060_20191129","Florida","Volusia","POINT (-81.057222 29.052568)","0.9478685064728368","-1","data/test/NA5120_E1933N0485__m_2908164_se_17_060_20191129.npz"
"test","NA5120_E1934N0486__m_2908164_ne_17_060_20211130","Florida","Volusia","POINT (-80.997867 29.088261)","0.8973608535127505","1","data/test/NA5120_E1934N0486__m_2908164_ne_17_060_20211130.npz"
"test","NA5120_E1943N0474__m_2808035_ne_17_060_20220114","Florida","Brevard","POINT (-80.65658 28.463999)","0.9113784939091696","-1","data/test/NA5120_E1943N0474__m_2808035_ne_17_060_20220114.npz"
"test","NA5120_E1944N0436__m_2608017_nw_17_060_20191203","Florida","Hendry","POINT (-80.944691 26.745165)","0.9370091418548696","1","data/test/NA5120_E1944N0436__m_2608017_nw_17_060_20191203.npz"
"test","NA5120_E1947N0412__m_2508124_se_17_060_20191126","Florida","Monroe","POINT (-81.002614 25.636781)","0.9589205259365894","1","data/test/NA5120_E1947N0412__m_2508124_se_17_060_20191126.npz"
"train","NA5120_E1213N0865__m_4412309_se_10_060_20200713","Oregon","Lincoln","POINT (-123.881287 44.782249)","0.9068913031578044","-1","data/train/NA5120_E1213N0865__m_4412309_se_10_060_20200713.npz"
"train","NA5120_E1235N0872__m_4512235_sw_10_030_20220711","Oregon","Clackamas","POINT (-122.682928 45.423088)","0.8868111330001732","0","data/train/NA5120_E1235N0872__m_4512235_sw_10_030_20220711.npz"
"train","NA5120_E1235N0881__m_4512209_ne_10_060_20200719","Oregon","Columbia","POINT (-122.872442 45.809069)","0.9036336056424144","0","data/train/NA5120_E1235N0881__m_4512209_ne_10_060_20200719.npz"
"train","NA5120_E1236N0887__m_4612257_nw_10_060_20191010","Oregon","Columbia","POINT (-122.938348 46.08149)","0.8735634429741598","0","data/train/NA5120_E1236N0887__m_4612257_nw_10_060_20191010.npz"
"train","NA5120_E1239N0803__m_4212132_sw_10_030_20220723","Oregon","Klamath","POINT (-121.099559 42.503869)","0.8903014508830535","0","data/train/NA5120_E1239N0803__m_4212132_sw_10_030_20220723.npz"
"train","NA5120_E1244N0822__m_4312139_se_10_030_20220901","Oregon","Lake","POINT (-121.150108 43.398405)","0.913505729473642","0","data/train/NA5120_E1244N0822__m_4312139_se_10_030_20220901.npz"
"train","NA5120_E1250N0855__m_4412105_se_10_030_20220824","Oregon","Wasco","POINT (-121.414936 44.912823)","0.9470571281846124","-1","data/train/NA5120_E1250N0855__m_4412105_se_10_030_20220824.npz"
"train","NA5120_E1282N0799__m_4211805_sw_11_060_20200807","Oregon","Harney","POINT (-118.465095 42.902776)","0.9010788629194498","0","data/train/NA5120_E1282N0799__m_4211805_sw_11_060_20200807.npz"
"train","NA5120_E1296N0855__m_4511828_se_11_030_20220823","Oregon","Umatilla","POINT (-118.552669 45.53872)","0.929826199770939","1","data/train/NA5120_E1296N0855__m_4511828_se_11_030_20220823.npz"
"train","NA5120_E1299N0809__m_4311728_sw_11_060_20200809","Oregon","Malheur","POINT (-117.596552 43.552846)","0.92164922734709","0","data/train/NA5120_E1299N0809__m_4311728_sw_11_060_20200809.npz"
"train","NA5120_E1303N0830__m_4411727_sw_11_060_20200805","Oregon","Baker","POINT (-117.690262 44.527162)","0.9031447617404306","1","data/train/NA5120_E1303N0830__m_4411727_sw_11_060_20200805.npz"
"train","NA5120_E1304N0845__m_4511749_ne_11_060_20200805","Oregon","Union","POINT (-117.877791 45.199944)","0.9134776579598606","1","data/train/NA5120_E1304N0845__m_4511749_ne_11_060_20200805.npz"
"train","NA5120_E1317N0849__m_4511731_se_11_060_20200725","Oregon","Wallowa","POINT (-117.125894 45.534177)","0.9445408944644076","0","data/train/NA5120_E1317N0849__m_4511731_se_11_060_20200725.npz"
"train","NA5120_E1318N0551__m_3211354_nw_12_060_20211114","Arizona","Yuma","POINT (-113.343276 32.240632)","0.9225836478448513","1","data/train/NA5120_E1318N0551__m_3211354_nw_12_060_20211114.npz"
"train","NA5120_E1319N0856__m_4511715_ne_11_060_20200725","Oregon","Wallowa","POINT (-117.114575 45.867072)","0.9139523544395756","0","data/train/NA5120_E1319N0856__m_4511715_ne_11_060_20200725.npz"
"train","NA5120_E1332N0545__m_3211260_ne_12_060_20211113","Arizona","Pima","POINT (-112.555643 32.094212)","0.9393618679468506","0","data/train/NA5120_E1332N0545__m_3211260_ne_12_060_20211113.npz"
"train","NA5120_E1336N0640__m_3611338_se_12_060_20211019","Arizona","Mohave","POINT (-113.256998 36.41137)","0.91635439978953","0","data/train/NA5120_E1336N0640__m_3611338_se_12_060_20211019.npz"
"train","NA5120_E1338N0591__m_3411251_ne_12_060_20211114","Arizona","Yavapai","POINT (-112.660985 34.222273)","0.8879447528924708","1","data/train/NA5120_E1338N0591__m_3411251_ne_12_060_20211114.npz"
"train","NA5120_E1353N0577__m_3311119_nw_12_060_20190614","Arizona","Maricopa","POINT (-111.728331 33.717589)","0.937748465124547","0","data/train/NA5120_E1353N0577__m_3311119_nw_12_060_20190614.npz"
"train","NA5120_E1354N0590__m_3411142_ne_12_060_20211014","Arizona","Yavapai","POINT (-111.790051 34.313798)","0.8658789229084922","0","data/train/NA5120_E1354N0590__m_3411142_ne_12_060_20211014.npz"
"train","NA5120_E1367N0641__m_3611120_ne_12_060_20211015","Arizona","Coconino","POINT (-111.544208 36.727378)","0.9329954491329442","1","data/train/NA5120_E1367N0641__m_3611120_ne_12_060_20211015.npz"
"train","NA5120_E1369N0549__m_3211027_ne_12_060_20211030","Arizona","Pinal","POINT (-110.643752 32.575283)","0.9520497739405622","-1","data/train/NA5120_E1369N0549__m_3211027_ne_12_060_20211030.npz"
"train","NA5120_E1369N0644__m_3611105_sw_12_060_20211015","Arizona","Coconino","POINT (-111.460535 36.87949)","0.8803776510189032","1","data/train/NA5120_E1369N0644__m_3611105_sw_12_060_20211015.npz"
"train","NA5120_E1371N0882__m_4711431_ne_11_060_20210902","Montana","Lake","POINT (-114.145099 47.599055)","0.942954081266138","-1","data/train/NA5120_E1371N0882__m_4711431_ne_11_060_20210902.npz"
"train","NA5120_E1381N0830__m_4511234_se_12_060_20210927","Montana","Beaverhead","POINT (-112.777494 45.368235)","0.9005454446864398","0","data/train/NA5120_E1381N0830__m_4511234_se_12_060_20210927.npz"
"train","NA5120_E1384N0825__m_4511252_se_12_060_20210927","Montana","Beaverhead","POINT (-112.522822 45.171332)","0.9234587189464248","0","data/train/NA5120_E1384N0825__m_4511252_se_12_060_20210927.npz"
"train","NA5120_E1388N0631__m_3611038_ne_12_060_20211020","Arizona","Navajo","POINT (-110.284109 36.439788)","0.9827992488374367","-1","data/train/NA5120_E1388N0631__m_3611038_ne_12_060_20211020.npz"
"train","NA5120_E1390N0828__m_4511247_ne_12_060_20210927","Montana","Madison","POINT (-112.17689 45.360621)","0.9526858385228112","0","data/train/NA5120_E1390N0828__m_4511247_ne_12_060_20210927.npz"
"train","NA5120_E1391N0847__m_4611254_nw_12_060_20210628","Montana","Jefferson","POINT (-112.350136 46.224191)","0.9476926735213912","-1","data/train/NA5120_E1391N0847__m_4611254_nw_12_060_20210628.npz"
"train","NA5120_E1394N0566__m_3310929_sw_12_060_20211029","Arizona","Greenlee","POINT (-109.442826 33.529062)","0.8829515341539287","1","data/train/NA5120_E1394N0566__m_3310929_sw_12_060_20211029.npz"
"train","NA5120_E1398N0815__m_4411112_ne_12_060_20210917","Montana","Madison","POINT (-111.511805 44.845013)","0.8928391709392732","0","data/train/NA5120_E1398N0815__m_4411112_ne_12_060_20210917.npz"
"train","NA5120_E1406N0613__m_3510915_se_12_060_20190705","Arizona","Apache","POINT (-109.140618 35.750581)","0.917021236281779","1","data/train/NA5120_E1406N0613__m_3510915_se_12_060_20190705.npz"
"train","NA5120_E1417N0901__m_4811106_sw_12_060_20210703","Montana","Toole","POINT (-111.304957 48.884586)","0.9331450080464994","1","data/train/NA5120_E1417N0901__m_4811106_sw_12_060_20210703.npz"
"train","NA5120_E1421N0849__m_4611029_ne_12_060_20210830","Montana","Meagher","POINT (-110.41357 46.57004)","0.9225310094829718","0","data/train/NA5120_E1421N0849__m_4611029_ne_12_060_20210830.npz"
"train","NA5120_E1433N0721__m_4010813_nw_12_060_20210811","Colorado","Moffat","POINT (-108.437736 40.847623)","0.9750487759717316","-1","data/train/NA5120_E1433N0721__m_4010813_nw_12_060_20210811.npz"
"train","NA5120_E1435N0690__m_3910840_nw_12_060_20190828","Colorado","Garfield","POINT (-108.076256 39.448269)","0.9622726787999294","0","data/train/NA5120_E1435N0690__m_3910840_nw_12_060_20190828.npz"
"train","NA5120_E1437N0892__m_4810918_sw_12_060_20210703","Montana","Hill","POINT (-109.825615 48.640244)","0.9002387246066392","-1","data/train/NA5120_E1437N0892__m_4810918_sw_12_060_20210703.npz"
"train","NA5120_E1445N0875__m_4710908_sw_12_060_20210615","Montana","Blaine","POINT (-109.095667 47.929174)","0.9096002592222342","-1","data/train/NA5120_E1445N0875__m_4710908_sw_12_060_20210615.npz"
"train","NA5120_E1451N0696__m_3910715_ne_13_060_20190922","Colorado","Garfield","POINT (-107.180804 39.818738)","0.9236399498497472","0","data/train/NA5120_E1451N0696__m_3910715_ne_13_060_20190922.npz"
"train","NA5120_E1451N0895__m_4810801_se_12_060_20210701","Montana","Blaine","POINT (-108.8965 48.879373)","0.9011187245663","0","data/train/NA5120_E1451N0895__m_4810801_se_12_060_20210701.npz"
"train","NA5120_E1461N0637__m_3710655_sw_13_060_20190909","Colorado","Conejos","POINT (-106.223258 37.175737)","0.8932323381281858","0","data/train/NA5120_E1461N0637__m_3710655_sw_13_060_20190909.npz"
"train","NA5120_E1484N0690__m_3910523_nw_13_060_20210727","Colorado","Jefferson","POINT (-105.197738 39.715592)","0.884139470566915","0","data/train/NA5120_E1484N0690__m_3910523_nw_13_060_20210727.npz"
"train","NA5120_E1484N0694__m_3910507_sw_13_060_20210727","Colorado","Jefferson","POINT (-105.220064 39.898907)","0.9559853400213296","0","data/train/NA5120_E1484N0694__m_3910507_sw_13_060_20210727.npz"
"train","NA5120_E1484N0697__m_4010563_sw_13_060_20190919","Colorado","Boulder","POINT (-105.236921 40.036384)","0.8820476636900489","0","data/train/NA5120_E1484N0697__m_4010563_sw_13_060_20190919.npz"
"train","NA5120_E1488N0667__m_3810418_sw_13_060_20190908","Colorado","El Paso","POINT (-104.840409 38.679006)","0.874044541593348","-1","data/train/NA5120_E1488N0667__m_3810418_sw_13_060_20190908.npz"
"train","NA5120_E1488N0677__m_3910449_se_13_060_20210915","Colorado","Douglas","POINT (-104.892519 39.13763)","0.8915967400596065","0","data/train/NA5120_E1488N0677__m_3910449_se_13_060_20210915.npz"
"train","NA5120_E1490N0669__m_3810411_sw_13_060_20190908","Colorado","El Paso","POINT (-104.73444 38.779419)","0.9199160142824616","-1","data/train/NA5120_E1490N0669__m_3810411_sw_13_060_20190908.npz"
"train","NA5120_E1490N0861__m_4710525_ne_13_060_20190720","Montana","McCone","POINT (-105.926999 47.570528)","0.9330459089826396","1","data/train/NA5120_E1490N0861__m_4710525_ne_13_060_20190720.npz"
"train","NA5120_E1496N0870__m_4810560_sw_13_060_20210613","Montana","McCone","POINT (-105.586819 48.012566)","0.9203385905908597","0","data/train/NA5120_E1496N0870__m_4810560_sw_13_060_20210613.npz"
"train","NA5120_E1497N0809__m_4510556_nw_13_060_20190819","Montana","Powder River","POINT (-105.10329 45.226729)","0.933297358466823","1","data/train/NA5120_E1497N0809__m_4510556_nw_13_060_20190819.npz"
"train","NA5120_E1507N0631__m_3710360_nw_13_060_20190921","Colorado","Las Animas","POINT (-103.582775 37.101605)","0.9033178485666388","0","data/train/NA5120_E1507N0631__m_3710360_nw_13_060_20190921.npz"
"train","NA5120_E1512N0477__m_3010258_se_13_060_20220910","Texas","Brewster","POINT (-102.771102 30.03182)","0.9246032813583752","1","data/train/NA5120_E1512N0477__m_3010258_se_13_060_20220910.npz"
"train","NA5120_E1518N0870__m_4810464_nw_13_060_20210613","Montana","Roosevelt","POINT (-104.084016 48.112781)","0.9227186038067366","0","data/train/NA5120_E1518N0870__m_4810464_nw_13_060_20210613.npz"
"train","NA5120_E1521N0815__m_4510328_nw_13_060_20210918","South Dakota","Harding","POINT (-103.57778 45.602517)","0.9281648078183188","0","data/train/NA5120_E1521N0815__m_4510328_nw_13_060_20210918.npz"
"train","NA5120_E1528N0867__m_4810361_se_13_060_20220804","North Dakota","McKenzie","POINT (-103.383002 48.013958)","0.9628204960831817","0","data/train/NA5120_E1528N0867__m_4810361_se_13_060_20220804.npz"
"train","NA5120_E1529N0862__m_4710314_se_13_060_20210924","North Dakota","McKenzie","POINT (-103.288383 47.788207)","0.9168441873610352","1","data/train/NA5120_E1529N0862__m_4710314_se_13_060_20210924.npz"
"train","NA5120_E1535N0836__m_4610226_ne_13_060_20200627","North Dakota","Hettinger","POINT (-102.757127 46.615329)","0.8997656916072416","0","data/train/NA5120_E1535N0836__m_4610226_ne_13_060_20200627.npz"
"train","NA5120_E1537N0552__m_3310127_ne_14_060_20200907","Texas","Lubbock","POINT (-101.658357 33.555319)","0.9496158368889008","0","data/train/NA5120_E1537N0552__m_3310127_ne_14_060_20200907.npz"
"train","NA5120_E1537N0878__m_4810226_sw_13_060_20210928","North Dakota","Mountrail","POINT (-102.8207 48.550053)","0.8761230805459519","0","data/train/NA5120_E1537N0878__m_4810226_sw_13_060_20210928.npz"
"train","NA5120_E1538N0610__m_3610150_ne_14_060_20220901","Texas","Sherman","POINT (-101.759313 36.229832)","0.9143675009295614","-1","data/train/NA5120_E1538N0610__m_3610150_ne_14_060_20220901.npz"
"train","NA5120_E1539N0520__m_3210161_nw_14_060_20220924","Texas","Glasscock","POINT (-101.472156 32.08508)","0.9522288551904032","0","data/train/NA5120_E1539N0520__m_3210161_nw_14_060_20220924.npz"
"train","NA5120_E1539N0554__m_3310120_se_14_060_20200925","Texas","Crosby","POINT (-101.555121 33.652261)","0.8900149510361967","1","data/train/NA5120_E1539N0554__m_3310120_se_14_060_20200925.npz"
"train","NA5120_E1540N0556__m_3310120_ne_14_060_20200925","Texas","Crosby","POINT (-101.505891 33.746777)","0.9362308569803602","1","data/train/NA5120_E1540N0556__m_3310120_ne_14_060_20200925.npz"
"train","NA5120_E1541N0830__m_4610246_nw_13_060_20210927","North Dakota","Hettinger","POINT (-102.332226 46.358419)","0.91363125157269","-1","data/train/NA5120_E1541N0830__m_4610246_nw_13_060_20210927.npz"
"train","NA5120_E1541N0850__m_4710245_se_13_060_20210927","North Dakota","Dunn","POINT (-102.417775 47.277156)","0.9352241352671244","-1","data/train/NA5120_E1541N0850__m_4710245_se_13_060_20210927.npz"
"train","NA5120_E1544N0593__m_3510137_ne_14_060_20220902","Texas","Carson","POINT (-101.378847 35.46103)","0.8952183482471299","0","data/train/NA5120_E1544N0593__m_3510137_ne_14_060_20220902.npz"
"train","NA5120_E1544N0840__m_4610215_ne_13_060_20200627","North Dakota","Stark","POINT (-102.173918 46.826672)","0.8924111381942624","0","data/train/NA5120_E1544N0840__m_4610215_ne_13_060_20200627.npz"
"train","NA5120_E1546N0864__m_4710207_ne_13_060_20210927","North Dakota","Mountrail","POINT (-102.138375 47.93506)","0.8859733405640331","-1","data/train/NA5120_E1546N0864__m_4710207_ne_13_060_20210927.npz"
"train","NA5120_E1553N0517__m_3110003_nw_14_060_20220805","Texas","Coke","POINT (-100.722785 31.975784)","0.9192269256887496","0","data/train/NA5120_E1553N0517__m_3110003_nw_14_060_20220805.npz"
"train","NA5120_E1553N0773__m_4310114_sw_14_060_20210917","South Dakota","Jackson","POINT (-101.348514 43.76962)","0.8994346641844088","0","data/train/NA5120_E1553N0773__m_4310114_sw_14_060_20210917.npz"
"train","NA5120_E1553N0840__m_4610112_nw_14_060_20220729","North Dakota","Morton","POINT (-101.571691 46.851002)","0.9112799167826936","-1","data/train/NA5120_E1553N0840__m_4610112_nw_14_060_20220729.npz"
"train","NA5120_E1553N0852__m_4710135_se_14_060_20190729","North Dakota","Mercer","POINT (-101.615183 47.402636)","0.8670154469152902","1","data/train/NA5120_E1553N0852__m_4710135_se_14_060_20190729.npz"
"train","NA5120_E1554N0761__m_4310154_ne_14_060_20210917","South Dakota","Bennett","POINT (-101.24906 43.219783)","0.934925001269772","0","data/train/NA5120_E1554N0761__m_4310154_ne_14_060_20210917.npz"
"train","NA5120_E1557N0524__m_3210044_ne_14_060_20220725","Texas","Nolan","POINT (-100.523222 32.305891)","0.9340994898987194","-1","data/train/NA5120_E1557N0524__m_3210044_ne_14_060_20220725.npz"
"train","NA5120_E1559N0863__m_4710106_se_14_060_20220809","North Dakota","Ward","POINT (-101.246015 47.922959)","0.915439995966846","0","data/train/NA5120_E1559N0863__m_4710106_se_14_060_20220809.npz"
"train","NA5120_E1562N0602__m_3510005_se_14_060_20220909","Texas","Hemphill","POINT (-100.395102 35.911665)","0.889902138305329","0","data/train/NA5120_E1562N0602__m_3510005_se_14_060_20220909.npz"
"train","NA5120_E1565N0536__m_3210007_se_14_060_20220903","Texas","Jones","POINT (-100.115874 32.872533)","0.896661423543475","-1","data/train/NA5120_E1565N0536__m_3210007_se_14_060_20220903.npz"
"train","NA5120_E1566N0843__m_4710059_sw_14_060_20211005","North Dakota","Burleigh","POINT (-100.709379 47.018247)","0.9588831603221706","0","data/train/NA5120_E1566N0843__m_4710059_sw_14_060_20211005.npz"
"train","NA5120_E1576N0451__m_2809905_ne_14_060_20200424","Texas","Zavala","POINT (-99.427898 28.963433)","0.94300437368249","0","data/train/NA5120_E1576N0451__m_2809905_ne_14_060_20200424.npz"
"train","NA5120_E1576N0546__m_3309944_ne_14_060_20220907","Texas","Haskell","POINT (-99.537755 33.348783)","0.8772407276135158","1","data/train/NA5120_E1576N0546__m_3309944_ne_14_060_20220907.npz"
"train","NA5120_E1581N0870__m_4809942_se_14_060_20211006","North Dakota","Benson","POINT (-99.755039 48.28603)","0.9666817829675588","1","data/train/NA5120_E1581N0870__m_4809942_se_14_060_20211006.npz"
"train","NA5120_E1582N0856__m_4709919_se_14_060_20210917","North Dakota","Wells","POINT (-99.658526 47.643084)","0.9426049894169156","0","data/train/NA5120_E1582N0856__m_4709919_se_14_060_20210917.npz"
"train","NA5120_E1586N0418__m_2709833_ne_14_060_20201031","Texas","Webb","POINT (-98.891529 27.448625)","0.8771267063316197","0","data/train/NA5120_E1586N0418__m_2709833_ne_14_060_20201031.npz"
"train","NA5120_E1587N0584__m_3509857_nw_14_060_20190625","Oklahoma","Kiowa","POINT (-98.978309 35.113479)","0.952745361486275","1","data/train/NA5120_E1587N0584__m_3509857_nw_14_060_20190625.npz"
"train","NA5120_E1590N0421__m_2709827_nw_14_060_20201031","Texas","Duval","POINT (-98.692546 27.590131)","0.9100649125828434","0","data/train/NA5120_E1590N0421__m_2709827_nw_14_060_20201031.npz"
"train","NA5120_E1591N0458__m_2909843_se_14_060_20220607","Texas","Bexar","POINT (-98.665543 29.299908)","0.9250317230952402","-1","data/train/NA5120_E1591N0458__m_2909843_se_14_060_20220607.npz"
"train","NA5120_E1591N0490__m_3009811_sw_14_060_20220607","Texas","Llano","POINT (-98.686898 30.777702)","0.9142054459186308","-1","data/train/NA5120_E1591N0490__m_3009811_sw_14_060_20220607.npz"
"train","NA5120_E1592N0784__m_4409841_ne_14_060_20210917","South Dakota","Hand","POINT (-98.889344 44.33855)","0.8762220987087017","0","data/train/NA5120_E1592N0784__m_4409841_ne_14_060_20210917.npz"
"train","NA5120_E1593N0867__m_4809849_se_14_060_20190714","North Dakota","Ramsey","POINT (-98.92394 48.161682)","0.8940331550490354","-1","data/train/NA5120_E1593N0867__m_4809849_se_14_060_20190714.npz"
"train","NA5120_E1595N0470__m_2909813_nw_14_060_20220607","Texas","Comal","POINT (-98.466698 29.856563)","0.9157626192725136","-1","data/train/NA5120_E1595N0470__m_2909813_nw_14_060_20220607.npz"
"train","NA5120_E1595N0588__m_3509844_se_14_060_20210906","Oklahoma","Caddo","POINT (-98.538159 35.303946)","0.8745210349012648","0","data/train/NA5120_E1595N0588__m_3509844_se_14_060_20210906.npz"
"train","NA5120_E1596N0782__m_4409843_se_14_060_20220801","South Dakota","Beadle","POINT (-98.631474 44.249494)","0.9265413579099124","1","data/train/NA5120_E1596N0782__m_4409843_se_14_060_20220801.npz"
"train","NA5120_E1601N0459__m_2909847_ne_14_060_20201115","Texas","Wilson","POINT (-98.152559 29.35127)","0.9259425542926528","0","data/train/NA5120_E1601N0459__m_2909847_ne_14_060_20201115.npz"
"train","NA5120_E1601N0885__m_4909861_se_14_060_20211017","North Dakota","Cavalier","POINT (-98.388443 48.996094)","0.9087453976938168","0","data/train/NA5120_E1601N0885__m_4909861_se_14_060_20211017.npz"
"train","NA5120_E1603N0426__m_2709816_ne_14_060_20220516","Texas","Jim Wells","POINT (-98.039977 27.827488)","0.91639981630713","0","data/train/NA5120_E1603N0426__m_2709816_ne_14_060_20220516.npz"
"train","NA5120_E1604N0390__m_2609749_sw_14_060_20220605","Texas","Hidalgo","POINT (-97.98033 26.16433)","0.8860212049215017","0","data/train/NA5120_E1604N0390__m_2609749_sw_14_060_20220605.npz"
"train","NA5120_E1606N0782__m_4409741_sw_14_060_20210813","South Dakota","Beadle","POINT (-97.99238 44.254458)","0.8880772237557842","0","data/train/NA5120_E1606N0782__m_4409741_sw_14_060_20210813.npz"
"train","NA5120_E1609N0403__m_2609711_sw_14_060_20201216","Texas","Kenedy","POINT (-97.734409 26.766074)","0.9382267518984984","-1","data/train/NA5120_E1609N0403__m_2609711_sw_14_060_20201216.npz"
"train","NA5120_E1609N0403__m_2609711_sw_14_060_20220605","Texas","Kenedy","POINT (-97.734409 26.766074)","0.9414151190091624","0","data/train/NA5120_E1609N0403__m_2609711_sw_14_060_20220605.npz"
"train","NA5120_E1610N0546__m_3309743_nw_14_060_20201007","Texas","Wise","POINT (-97.700204 33.370878)","0.883925516950129","1","data/train/NA5120_E1610N0546__m_3309743_nw_14_060_20201007.npz"
"train","NA5120_E1610N0844__m_4709758_ne_14_060_20190706","North Dakota","Barnes","POINT (-97.749537 47.111416)","0.9780612246908452","-1","data/train/NA5120_E1610N0844__m_4709758_ne_14_060_20190706.npz"
"train","NA5120_E1611N0592__m_3509727_se_14_060_20210529","Oklahoma","Oklahoma","POINT (-97.65046 35.49411)","0.9300784397303912","0","data/train/NA5120_E1611N0592__m_3509727_se_14_060_20210529.npz"
"train","NA5120_E1612N0832__m_4609728_nw_14_060_20220903","North Dakota","Ransom","POINT (-97.613578 46.558964)","0.9215567939655496","1","data/train/NA5120_E1612N0832__m_4609728_nw_14_060_20220903.npz"
"train","NA5120_E1614N0752__m_4209705_sw_14_060_20220830","South Dakota","Yankton","POINT (-97.481502 42.873124)","0.9253938820352244","0","data/train/NA5120_E1614N0752__m_4209705_sw_14_060_20220830.npz"
"train","NA5120_E1615N0489__m_3009721_ne_14_060_20220611","Texas","Williamson","POINT (-97.432259 30.73922)","0.9501836632591582","1","data/train/NA5120_E1615N0489__m_3009721_ne_14_060_20220611.npz"
"train","NA5120_E1615N0770__m_4309721_ne_14_060_20220731","South Dakota","McCook","POINT (-97.417937 43.702628)","0.8796232128619605","0","data/train/NA5120_E1615N0770__m_4309721_ne_14_060_20220731.npz"
"train","NA5120_E1615N0862__m_4709705_ne_14_060_20211005","North Dakota","Grand Forks","POINT (-97.411227 47.940585)","0.9098836556837724","1","data/train/NA5120_E1615N0862__m_4709705_ne_14_060_20211005.npz"
"train","NA5120_E1625N0783__m_4409642_se_14_060_20210829","South Dakota","Brookings","POINT (-96.777397 44.299199)","0.895443477863423","-1","data/train/NA5120_E1625N0783__m_4409642_se_14_060_20210829.npz"
"train","NA5120_E1627N0545__m_3309642_ne_14_060_20220704","Texas","Collin","POINT (-96.781687 33.322157)","0.940761412525592","-1","data/train/NA5120_E1627N0545__m_3309642_ne_14_060_20220704.npz"
"train","NA5120_E1631N0555__m_3309612_sw_14_060_20201102","Texas","Grayson","POINT (-96.559815 33.781816)","0.8915284463285247","0","data/train/NA5120_E1631N0555__m_3309612_sw_14_060_20201102.npz"
"train","NA5120_E1633N0537__m_3209605_nw_14_060_20220704","Texas","Rockwall","POINT (-96.462671 32.949811)","0.8819559406248723","-1","data/train/NA5120_E1633N0537__m_3209605_nw_14_060_20220704.npz"
"train","NA5120_E1634N0537__m_3209605_ne_14_060_20220704","Texas","Rockwall","POINT (-96.408919 32.949194)","0.9225458170450496","-1","data/train/NA5120_E1634N0537__m_3209605_ne_14_060_20220704.npz"
"train","NA5120_E1635N0477__m_3009653_se_14_060_20200611","Texas","Washington","POINT (-96.394923 30.178308)","0.9321426607409454","1","data/train/NA5120_E1635N0477__m_3009653_se_14_060_20200611.npz"
"train","NA5120_E1638N0534__m_3209615_nw_14_060_20220705","Texas","Kaufman","POINT (-96.196304 32.807938)","0.8808355031072312","0","data/train/NA5120_E1638N0534__m_3209615_nw_14_060_20220705.npz"
"train","NA5120_E1639N0603__m_3509608_nw_14_060_20210823","Oklahoma","Creek","POINT (-96.082164 35.991276)","0.90769716842531","-1","data/train/NA5120_E1639N0603__m_3509608_nw_14_060_20210823.npz"
"train","NA5120_E1640N0593__m_3509632_se_14_060_20190904","Oklahoma","Okmulgee","POINT (-96.035729 35.529076)","0.8823906961802329","0","data/train/NA5120_E1640N0593__m_3509632_se_14_060_20190904.npz"
"train","NA5120_E1643N0610__m_3609542_nw_15_060_20210825","Oklahoma","Tulsa","POINT (-95.85042 36.310582)","0.8838644278455248","1","data/train/NA5120_E1643N0610__m_3609542_nw_15_060_20210825.npz"
"train","NA5120_E1650N0617__m_3609521_sw_15_060_20210825","Oklahoma","Nowata","POINT (-95.446884 36.625808)","0.91192355101954","1","data/train/NA5120_E1650N0617__m_3609521_sw_15_060_20210825.npz"
"train","NA5120_E1651N0474__m_3009560_sw_15_060_20220913","Texas","Harris","POINT (-95.568195 30.025895)","0.8820745291053926","0","data/train/NA5120_E1651N0474__m_3009560_sw_15_060_20220913.npz"
"train","NA5120_E1675N0535__m_3209415_nw_15_060_20201112","Texas","Marion","POINT (-94.21038 32.80487)","0.8957395718342079","0","data/train/NA5120_E1675N0535__m_3209415_nw_15_060_20201112.npz"
"val","NA5120_E1190N0729__m_3812228_nw_10_060_20220524","California","Napa","POINT (-122.591262 38.597021)","0.9017874590425128","0","data/val/NA5120_E1190N0729__m_3812228_nw_10_060_20220524.npz"
"val","NA5120_E1191N0714__m_3712206_ne_10_060_20220518","California","Contra Costa","POINT (-122.279474 37.963735)","0.9098411342863604","-1","data/val/NA5120_E1191N0714__m_3712206_ne_10_060_20220518.npz"
"val","NA5120_E1205N0770__m_4012229_nw_10_060_20200713","California","Shasta","POINT (-122.476119 40.586188)","0.9377138833024438","0","data/val/NA5120_E1205N0770__m_4012229_nw_10_060_20200713.npz"
"val","NA5120_E1206N0632__m_3412031_nw_10_060_20200522","California","Santa Barbara","POINT (-120.198583 34.601526)","0.8992489562424409","1","data/val/NA5120_E1206N0632__m_3412031_nw_10_060_20200522.npz"
"val","NA5120_E1208N0715__m_3812146_sw_10_060_20200617","California","Sacramento","POINT (-121.358156 38.248857)","0.9040582767278904","-1","data/val/NA5120_E1208N0715__m_3812146_sw_10_060_20200617.npz"
"val","NA5120_E1210N0656__m_3512022_nw_10_060_20200526","California","San Luis Obispo","POINT (-120.33291 35.704357)","0.8700980119327444","0","data/val/NA5120_E1210N0656__m_3512022_nw_10_060_20200526.npz"
"val","NA5120_E1216N0711__m_3812050_nw_10_060_20200617","California","Calaveras","POINT (-120.850067 38.185462)","0.8692058654357969","-1","data/val/NA5120_E1216N0711__m_3812050_nw_10_060_20200617.npz"
"val","NA5120_E1218N0637__m_3411903_ne_11_060_20200521","California","San Luis Obispo","POINT (-119.632215 34.976012)","0.9541392437336652","0","data/val/NA5120_E1218N0637__m_3411903_ne_11_060_20200521.npz"
"val","NA5120_E1222N0639__m_3511961_nw_11_060_20200521","California","Kern","POINT (-119.446857 35.11481)","0.931140738760983","0","data/val/NA5120_E1222N0639__m_3511961_nw_11_060_20200521.npz"
"val","NA5120_E1228N0722__m_3812014_nw_10_060_20220722","California","El Dorado","POINT (-120.356813 38.827744)","0.8836944678842756","-1","data/val/NA5120_E1228N0722__m_3812014_nw_10_060_20220722.npz"
"val","NA5120_E1247N0690__m_3711818_sw_11_060_20200804","California","Mono","POINT (-118.811352 37.671615)","0.9373626937506682","0","data/val/NA5120_E1247N0690__m_3711818_sw_11_060_20200804.npz"
"val","NA5120_E1251N0577__m_3211723_ne_11_060_20200520","California","San Diego","POINT (-117.119978 32.722431)","0.920456531271568","0","data/val/NA5120_E1251N0577__m_3211723_ne_11_060_20200520.npz"
"val","NA5120_E1251N0594__m_3311738_nw_11_060_20200423","California","Riverside","POINT (-117.323255 33.477167)","0.8963481645113766","0","data/val/NA5120_E1251N0594__m_3311738_nw_11_060_20200423.npz"
"val","NA5120_E1252N0596__m_3311730_ne_11_060_20200423","California","Riverside","POINT (-117.294877 33.577311)","0.9038311559956568","0","data/val/NA5120_E1252N0596__m_3311730_ne_11_060_20200423.npz"
"val","NA5120_E1252N0602__m_3311713_ne_11_060_20220512","California","Riverside","POINT (-117.368105 33.843494)","0.900801113298256","-1","data/val/NA5120_E1252N0602__m_3311713_ne_11_060_20220512.npz"
"val","NA5120_E1252N0615__m_3411736_se_11_060_20200621","California","San Bernardino","POINT (-117.529354 34.419833)","0.9141799335207104","-1","data/val/NA5120_E1252N0615__m_3411736_se_11_060_20200621.npz"
"val","NA5120_E1255N0578__m_3211609_ne_11_060_20200425","California","San Diego","POINT (-116.922983 32.811656)","0.9415914781963322","0","data/val/NA5120_E1255N0578__m_3211609_ne_11_060_20200425.npz"
"val","NA5120_E1259N0572__m_3211627_ne_11_060_20200415","California","San Diego","POINT (-116.644787 32.589004)","0.9468571852111772","0","data/val/NA5120_E1259N0572__m_3211627_ne_11_060_20200415.npz"
"val","NA5120_E1259N0602__m_3311708_se_11_060_20200422","California","Riverside","POINT (-116.997713 33.92293)","0.8874791916822089","-1","data/val/NA5120_E1259N0602__m_3311708_se_11_060_20200422.npz"
"val","NA5120_E1260N0598__m_3311609_se_11_060_20220506","California","Riverside","POINT (-116.896751 33.756423)","0.91895595141794","1","data/val/NA5120_E1260N0598__m_3311609_se_11_060_20220506.npz"
